INSERT INTO color(id, name) VALUES (1, 'Dark');
INSERT INTO color(id, name) VALUES (2, 'Light');
INSERT INTO color(id, name) VALUES (3, 'Soft');
INSERT INTO color(id, name) VALUES (4, 'Goudy');
INSERT INTO color(id, name) VALUES (5, 'Multicoloured');
INSERT INTO color(id, name) VALUES (6, 'Unicoloured');

INSERT INTO type(id, name) VALUES (1, 'Sport');
INSERT INTO type(id, name) VALUES (2, 'Elegant');
INSERT INTO type(id, name) VALUES (3, 'Casual');
INSERT INTO type(id, name) VALUES (4, 'Summer');
INSERT INTO type(id, name) VALUES (5, 'Winter');

INSERT INTO gender_group(id, name) VALUES (1, 'Women');
INSERT INTO gender_group(id, name) VALUES (2, 'Men');
INSERT INTO gender_group(id, name) VALUES (3, 'Children');

INSERT INTO manufacturer(id, name) VALUES (1, 'Luxury');
INSERT INTO manufacturer(id, name) VALUES (2, 'Multiple');
INSERT INTO manufacturer(id, name) VALUES (3, 'Prestigious');
INSERT INTO manufacturer(id, name) VALUES (4, 'Popular');

INSERT INTO picture(id, name) VALUES (1, '1.jpg');
INSERT INTO picture(id, name) VALUES (2, '2.jpg');
INSERT INTO picture(id, name) VALUES (3, '3.jpg');
INSERT INTO picture(id, name) VALUES (4, '4.jpg');
INSERT INTO picture(id, name) VALUES (5, '5.jpg');
INSERT INTO picture(id, name) VALUES (6, '6.jpg');
INSERT INTO picture(id, name) VALUES (7, '7.jpg');
INSERT INTO picture(id, name) VALUES (8, '8.jpg');
INSERT INTO picture(id, name) VALUES (9, '9.jpg');
INSERT INTO picture(id, name) VALUES (10,'10.jpg');
INSERT INTO picture(id, name) VALUES (11,'11.jpg');
INSERT INTO picture(id, name) VALUES (12,'12.jpg');
INSERT INTO picture(id, name) VALUES (13,'13.jpg');
INSERT INTO picture(id, name) VALUES (14,'14.jpg');
INSERT INTO picture(id, name) VALUES (15,'15.jpg');
INSERT INTO picture(id, name) VALUES (16,'16.jpg');
INSERT INTO picture(id, name) VALUES (17,'17.jpg');
INSERT INTO picture(id, name) VALUES (18,'18.jpg');
INSERT INTO picture(id, name) VALUES (19,'19.jpg');
INSERT INTO picture(id, name) VALUES (20,'20.jpg');
INSERT INTO picture(id, name) VALUES (21,'21.jpg');

-- INSERT INTO shoes(name, description, price, picture_id, group_id, size, manufacturer_id, type_id, color_id) VALUES ('Czonwersy BLK1', 'Czonwersy BLK1', 259, 1, 1, 35, 4, 4, 1);
-- INSERT INTO shoes(name, description, price, picture_id, group_id, size, manufacturer_id, type_id, color_id) VALUES ('Czonwersy GRN1', 'Czonwersy GRN1', 239, 2, 1, 30, 4, 4, 3);
-- INSERT INTO shoes(description, name, price, picture_id, group_id, size, manufacturer_id, type_id, color_id) VALUES ('Liuto RK3', 'Liuto RK3', 149, 3, 2, 37, 2, 3, 1);
-- INSERT INTO shoes(description, name, price, picture_id, group_id, size, manufacturer_id, type_id, color_id) VALUES ('Aigrek KRM3', 'Aigrek KRM3', 190, 4, 2, 35, 3, 1, 5);
-- INSERT INTO shoes(description, name, price, picture_id, group_id, size, manufacturer_id, type_id, color_id) VALUES ('Mondelum M765', 'Mondelum M765', 210, 5, 1, 29, 2, 3, 3);